First Name,Last Name,Full Name,Number,Phone,Mail Id
user,no1,user,no1,9900990001,userno1@gmail.com
user,no2,user,no2,9900990002,userno2@gmail.com
user,no3,user,no3,9900990003,userno3@gmail.com
user,no4,user,no4,9900990004,userno4@gmail.com
user,no5,user,no5,9900990005,userno5@gmail.com
user,no6,user,no6,9900990006,userno6@gmail.com
user,no7,user,no7,9900990007,userno7@gmail.com
user,no8,user,no8,9900990008,userno8@gmail.com
user,no9,user,no9,9900990009,userno9@gmail.com
user,no10,user,no10,9900990010,userno10@gmail.com
user,no11,user,no11,9900990011,userno11@gmail.com
user,no12,user,no12,9900990012,userno12@gmail.com
user,no13,user,no13,9900990013,userno13@gmail.com
user,no14,user,no14,9900990014,userno14@gmail.com
user,no15,user,no15,9900990015,userno15@gmail.com
user,no16,user,no16,9900990016,userno16@gmail.com
user,no17,user,no17,9900990017,userno17@gmail.com
user,no18,user,no18,9900990018,userno18@gmail.com
user,no19,user,no19,9900990019,userno19@gmail.com
user,no20,user,no20,9900990020,userno20@gmail.com
user,no21,user,no21,9900990021,userno21@gmail.com
user,no22,user,no22,9900990022,userno22@gmail.com
user,no23,user,no23,9900990023,userno23@gmail.com
user,no24,user,no24,9900990024,userno24@gmail.com
user,no25,user,no25,9900990025,userno25@gmail.com
user,no26,user,no26,9900990026,userno26@gmail.com
user,no27,user,no27,9900990027,userno27@gmail.com
user,no28,user,no28,9900990028,userno28@gmail.com
user,no29,user,no29,9900990029,userno29@gmail.com
user,no30,user,no30,9900990030,userno30@gmail.com
user,no31,user,no31,9900990031,userno31@gmail.com
user,no32,user,no32,9900990032,userno32@gmail.com
user,no33,user,no33,9900990033,userno33@gmail.com
user,no34,user,no34,9900990034,userno34@gmail.com
user,no35,user,no35,9900990035,userno35@gmail.com
user,no36,user,no36,9900990036,userno36@gmail.com
user,no37,user,no37,9900990037,userno37@gmail.com
user,no38,user,no38,9900990038,userno38@gmail.com
